phi_star,skin_fraction_of_phi_star,diffusivity_variant,tau_alpha_at_Tg_s,alpha_channel_upper_diameter_um
0.14,0.25,baseline,10,0.216062
0.14,0.25,baseline,100,0.683247
0.14,0.25,baseline,1000,2.16062
0.14,0.5,baseline,10,0.657447
0.14,0.5,baseline,100,2.07903
0.14,0.5,baseline,1000,6.57447
0.2,0.25,baseline,10,0.361634
0.2,0.25,baseline,100,1.14359
0.2,0.25,baseline,1000,3.61634
0.2,0.5,baseline,10,1.38788
0.2,0.5,baseline,100,4.38885
0.2,0.5,baseline,1000,13.8788
0.14,0.25,dilute 2.4e-9,10,0.219611
0.14,0.25,dilute 2.4e-9,100,0.69447
0.14,0.25,dilute 2.4e-9,1000,2.19611
0.14,0.5,dilute 2.4e-9,10,0.67636
0.14,0.5,dilute 2.4e-9,100,2.13884
0.14,0.5,dilute 2.4e-9,1000,6.7636
0.2,0.25,dilute 2.4e-9,10,0.369633
0.2,0.25,dilute 2.4e-9,100,1.16888
0.2,0.25,dilute 2.4e-9,1000,3.69633
0.2,0.5,dilute 2.4e-9,10,1.43942
0.2,0.5,dilute 2.4e-9,100,4.55184
0.2,0.5,dilute 2.4e-9,1000,14.3942
0.14,0.25,dilute halved,10,0.203085
0.14,0.25,dilute halved,100,0.64221
0.14,0.25,dilute halved,1000,2.03085
0.14,0.5,dilute halved,10,0.590247
0.14,0.5,dilute halved,100,1.86653
0.14,0.5,dilute halved,1000,5.90247
0.2,0.25,dilute halved,10,0.332771
0.2,0.25,dilute halved,100,1.05231
0.2,0.25,dilute halved,1000,3.32771
0.2,0.5,dilute halved,10,1.20822
0.2,0.5,dilute halved,100,3.82072
0.2,0.5,dilute halved,1000,12.0822
0.14,0.25,dry x10,10,0.556181
0.14,0.25,dry x10,100,1.7588
0.14,0.25,dry x10,1000,5.56181
0.14,0.5,dry x10,10,1.45313
0.14,0.5,dry x10,100,4.59521
0.14,0.5,dry x10,1000,14.5313
0.2,0.25,dry x10,10,0.867498
0.2,0.25,dry x10,100,2.74327
0.2,0.25,dry x10,1000,8.67498
0.2,0.5,dry x10,10,2.76918
0.2,0.5,dry x10,100,8.75691
0.2,0.5,dry x10,1000,27.6918
0.14,0.25,dry /10,10,0.0839343
0.14,0.25,dry /10,100,0.265423
0.14,0.25,dry /10,1000,0.839343
0.14,0.5,dry /10,10,0.297452
0.14,0.5,dry /10,100,0.940625
0.14,0.5,dry /10,1000,2.97452
0.2,0.25,dry /10,10,0.150754
0.2,0.25,dry /10,100,0.476726
0.2,0.25,dry /10,1000,1.50754
0.2,0.5,dry /10,10,0.695586
0.2,0.5,dry /10,100,2.19964
0.2,0.5,dry /10,1000,6.95586
0.14,0.25,xi = 3,10,0.139526
0.14,0.25,xi = 3,100,0.441219
0.14,0.25,xi = 3,1000,1.39526
0.14,0.5,xi = 3,10,0.336428
0.14,0.5,xi = 3,100,1.06388
0.14,0.5,xi = 3,1000,3.36428
0.2,0.25,xi = 3,10,0.2075
0.2,0.25,xi = 3,100,0.656171
0.2,0.25,xi = 3,1000,2.075
0.2,0.5,xi = 3,10,0.638823
0.2,0.5,xi = 3,100,2.02014
0.2,0.5,xi = 3,1000,6.38823
0.14,0.25,xi = 7,10,0.318526
0.14,0.25,xi = 7,100,1.00727
0.14,0.25,xi = 7,1000,3.18526
0.14,0.5,xi = 7,10,1.13279
0.14,0.5,xi = 7,100,3.58221
0.14,0.5,xi = 7,1000,11.3279
0.2,0.25,xi = 7,10,0.580469
0.2,0.25,xi = 7,100,1.8356
0.2,0.25,xi = 7,1000,5.80469
0.2,0.5,xi = 7,10,2.51209
0.2,0.5,xi = 7,100,7.94391
0.2,0.5,xi = 7,1000,25.1209
