diffusivity_variant,phi_eq,Tg_shift_K_per_vol_percent,readout_floor_nm,min_flight_ms
baseline,0.13,5,140,14.8132
baseline,0.13,5,500,309.027
baseline,0.13,6,140,22.0075
baseline,0.13,6,500,445.244
baseline,0.13,7,140,31.2278
baseline,0.13,7,500,nan
baseline,0.17,5,140,5.5446
baseline,0.17,5,500,109.81
baseline,0.17,6,140,7.55978
baseline,0.17,6,500,148.171
baseline,0.17,7,140,10.3192
baseline,0.17,7,500,193.601
dilute 2.4e-9,0.13,5,140,13.1878
dilute 2.4e-9,0.13,5,500,274.596
dilute 2.4e-9,0.13,6,140,20.1567
dilute 2.4e-9,0.13,6,500,396.113
dilute 2.4e-9,0.13,7,140,27.5473
dilute 2.4e-9,0.13,7,500,492.063
dilute 2.4e-9,0.17,5,140,4.63891
dilute 2.4e-9,0.17,5,500,95.2927
dilute 2.4e-9,0.17,6,140,6.79068
dilute 2.4e-9,0.17,6,500,132.375
dilute 2.4e-9,0.17,7,140,8.96688
dilute 2.4e-9,0.17,7,500,168.854
dilute halved,0.13,5,140,24.5771
dilute halved,0.13,5,500,499.475
dilute halved,0.13,6,140,35.5571
dilute halved,0.13,6,500,nan
dilute halved,0.13,7,140,48.4748
dilute halved,0.13,7,500,nan
dilute halved,0.17,5,140,9.45307
dilute halved,0.17,5,500,178.132
dilute halved,0.17,6,140,13.1186
dilute halved,0.17,6,500,242.907
dilute halved,0.17,7,140,17.5516
dilute halved,0.17,7,500,316.716
dry x10,0.13,5,140,4.64539
dry x10,0.13,5,500,95.3754
dry x10,0.13,6,140,6.98607
dry x10,0.13,6,500,144.656
dry x10,0.13,7,140,9.28838
dry x10,0.13,7,500,174.851
dry x10,0.17,5,140,2.08224
dry x10,0.17,5,500,43.1908
dry x10,0.17,6,140,2.91183
dry x10,0.17,6,500,55.6842
dry x10,0.17,7,140,3.82939
dry x10,0.17,7,500,69.518
dry /10,0.13,5,140,49.5649
dry /10,0.13,5,500,nan
dry /10,0.13,6,140,74.5718
dry /10,0.13,6,500,nan
dry /10,0.13,7,140,104.688
dry /10,0.13,7,500,nan
dry /10,0.17,5,140,13.6759
dry /10,0.17,5,500,290.806
dry /10,0.17,6,140,20.4657
dry /10,0.17,6,500,434.425
dry /10,0.17,7,140,28.3285
dry /10,0.17,7,500,496.5
xi = 3,0.13,5,140,114.202
xi = 3,0.13,5,500,nan
xi = 3,0.13,6,140,179.256
xi = 3,0.13,6,500,nan
xi = 3,0.13,7,140,221.569
xi = 3,0.13,7,500,nan
xi = 3,0.17,5,140,37.2402
xi = 3,0.17,5,500,nan
xi = 3,0.17,6,140,54.0064
xi = 3,0.17,6,500,nan
xi = 3,0.17,7,140,69.5326
xi = 3,0.17,7,500,nan
xi = 7,0.13,5,140,3.7409
xi = 7,0.13,5,500,84.5821
xi = 7,0.13,6,140,5.69397
xi = 7,0.13,6,500,116.698
xi = 7,0.13,7,140,7.76264
xi = 7,0.13,7,500,152.928
xi = 7,0.17,5,140,1.52748
xi = 7,0.17,5,500,31.049
xi = 7,0.17,6,140,2.1795
xi = 7,0.17,6,500,43.5664
xi = 7,0.17,7,140,2.99742
xi = 7,0.17,7,500,51.399
