phi_star,flight_ms,variation,D_s_m2_per_s,flat_diameter_nm
0.1,10,baseline,8.32553e-14,18.2489
0.1,10,dilute 2.4e-9,8.95539e-14,18.9266
0.1,10,dilute halved,6.30957e-14,15.8866
0.1,10,dry x10,3.31445e-13,36.4113
0.1,10,dry /10,2.09128e-14,9.1461
0.1,10,xi = 3,1.76389e-14,8.39973
0.1,10,xi = 7,2.72759e-13,33.0308
0.14,10,baseline,4.05105e-13,40.2544
0.14,10,dilute 2.4e-9,4.43295e-13,42.1091
0.14,10,dilute halved,2.87623e-13,33.9189
0.14,10,dry x10,1.29852e-12,72.0701
0.14,10,dry /10,1.26382e-13,22.484
0.14,10,xi = 3,7.5732e-14,17.4048
0.14,10,xi = 7,1.34858e-12,73.4459
0.2,10,baseline,2.40225e-12,98.0255
0.2,10,dilute 2.4e-9,2.67995e-12,103.536
0.2,10,dilute halved,1.58489e-12,79.6214
0.2,10,dry x10,6.03418e-12,155.36
0.2,10,dry /10,9.56352e-13,61.8499
0.2,10,xi = 3,4.47214e-13,42.2949
0.2,10,xi = 7,7.36806e-12,171.675
