phi_star,flight_ms,flat_diameter_nm
0.07,1,2.73367
0.07,10,8.64462
0.07,30,14.9729
0.07,100,27.3367
0.1,1,5.7708
0.1,10,18.2489
0.1,30,31.608
0.1,100,57.708
0.12,1,8.7854
0.12,10,27.7819
0.12,30,48.1196
0.12,100,87.854
0.14,1,12.7296
0.14,10,40.2544
0.14,30,69.7227
0.14,100,127.296
0.16,1,17.6999
0.16,10,55.9721
0.16,30,96.9465
0.16,100,176.999
0.17,1,20.5943
0.17,10,65.1248
0.17,30,112.799
0.17,100,205.943
0.18,1,23.7717
0.18,10,75.1726
0.18,30,130.203
0.18,100,237.717
0.2,1,30.9984
0.2,10,98.0255
0.2,30,169.785
0.2,100,309.984
