diffusivity_variant,flight_ms,mode,phi_eq,Tg_shift_K_per_vol_percent,phi_star_mode,flat_diameter_nm
baseline,10,alpha,0.13,5,0.160714,70.0235
baseline,10,alpha,0.13,6,0.155595,61.3334
baseline,10,alpha,0.13,7,0.151939,57.7033
baseline,10,alpha,0.17,5,0.200714,115.542
baseline,10,alpha,0.17,6,0.195595,104.872
baseline,10,alpha,0.17,7,0.191939,96.4483
baseline,10,network,0.13,5,0.192866,119.701
baseline,10,network,0.13,6,0.182388,101.647
baseline,10,network,0.13,7,0.174904,88.5248
baseline,10,network,0.17,5,0.232866,182.361
baseline,10,network,0.17,6,0.222388,155.262
baseline,10,network,0.17,7,0.214904,137.952
baseline,100,alpha,0.13,5,0.15144,185.077
baseline,100,alpha,0.13,6,0.147867,168.906
baseline,100,alpha,0.13,7,0.145315,156.025
baseline,100,alpha,0.17,5,0.19144,315.074
baseline,100,alpha,0.17,6,0.187867,295.88
baseline,100,alpha,0.17,7,0.185315,261.709
baseline,100,network,0.13,5,0.178837,308.477
baseline,100,network,0.13,6,0.170698,259.023
baseline,100,network,0.13,7,0.164884,224.754
baseline,100,network,0.17,5,0.218837,482.261
baseline,100,network,0.17,6,0.210698,412.22
baseline,100,network,0.17,7,0.204884,364.966
baseline,200,alpha,0.13,5,0.148895,250.807
baseline,200,alpha,0.13,6,0.145746,228.009
baseline,200,alpha,0.13,7,0.143497,214.426
baseline,200,alpha,0.17,5,0.188895,424.28
baseline,200,alpha,0.17,6,0.185746,378.908
baseline,200,alpha,0.17,7,0.183497,346.522
baseline,200,network,0.13,5,0.175067,407.928
baseline,200,network,0.13,6,0.167556,348.777
baseline,200,network,0.13,7,0.162191,320.621
baseline,200,network,0.17,5,0.215067,626.954
baseline,200,network,0.17,6,0.207556,552.735
baseline,200,network,0.17,7,0.202191,501.426
dilute 2.4e-9,10,alpha,0.13,5,0.160714,73.5316
dilute 2.4e-9,10,alpha,0.13,6,0.155595,64.2066
dilute 2.4e-9,10,alpha,0.13,7,0.151939,60.3704
dilute 2.4e-9,10,alpha,0.17,5,0.200714,120.673
dilute 2.4e-9,10,alpha,0.17,6,0.195595,109.759
dilute 2.4e-9,10,alpha,0.17,7,0.191939,100.977
dilute 2.4e-9,10,network,0.13,5,0.192866,126.152
dilute 2.4e-9,10,network,0.13,6,0.182388,105.884
dilute 2.4e-9,10,network,0.13,7,0.174904,93.7781
dilute 2.4e-9,10,network,0.17,5,0.232866,194.388
dilute 2.4e-9,10,network,0.17,6,0.222388,168.347
dilute 2.4e-9,10,network,0.17,7,0.214904,144.928
dilute 2.4e-9,100,alpha,0.13,5,0.15144,195.685
dilute 2.4e-9,100,alpha,0.13,6,0.147867,177.856
dilute 2.4e-9,100,alpha,0.13,7,0.145315,167.592
dilute 2.4e-9,100,alpha,0.17,5,0.19144,333.417
dilute 2.4e-9,100,alpha,0.17,6,0.187867,298.457
dilute 2.4e-9,100,alpha,0.17,7,0.185315,285.224
dilute 2.4e-9,100,network,0.13,5,0.178837,324.493
dilute 2.4e-9,100,network,0.13,6,0.170698,276.463
dilute 2.4e-9,100,network,0.13,7,0.164884,240.367
dilute 2.4e-9,100,network,0.17,5,0.218837,511.11
dilute 2.4e-9,100,network,0.17,6,0.210698,446.249
dilute 2.4e-9,100,network,0.17,7,0.204884,390.777
dilute 2.4e-9,200,alpha,0.13,5,0.148895,276.43
dilute 2.4e-9,200,alpha,0.13,6,0.145746,236.317
dilute 2.4e-9,200,alpha,0.13,7,0.143497,219.529
dilute 2.4e-9,200,alpha,0.17,5,0.188895,462.057
dilute 2.4e-9,200,alpha,0.17,6,0.185746,411.658
dilute 2.4e-9,200,alpha,0.17,7,0.183497,368.916
dilute 2.4e-9,200,network,0.13,5,0.175067,423.549
dilute 2.4e-9,200,network,0.13,6,0.167556,363.658
dilute 2.4e-9,200,network,0.13,7,0.162191,333.686
dilute 2.4e-9,200,network,0.17,5,0.215067,686.795
dilute 2.4e-9,200,network,0.17,6,0.207556,590.393
dilute 2.4e-9,200,network,0.17,7,0.202191,535.792
dilute halved,10,alpha,0.13,5,0.160714,59.0931
dilute halved,10,alpha,0.13,6,0.155595,50.9753
dilute halved,10,alpha,0.13,7,0.151939,47.1138
dilute halved,10,alpha,0.17,5,0.200714,94.756
dilute halved,10,alpha,0.17,6,0.195595,84.4959
dilute halved,10,alpha,0.17,7,0.191939,75.6389
dilute halved,10,network,0.13,5,0.192866,99.0282
dilute halved,10,network,0.13,6,0.182388,82.6114
dilute halved,10,network,0.13,7,0.174904,71.9915
dilute halved,10,network,0.17,5,0.232866,144.05
dilute halved,10,network,0.17,6,0.222388,125.266
dilute halved,10,network,0.17,7,0.214904,110.846
dilute halved,100,alpha,0.13,5,0.15144,160.196
dilute halved,100,alpha,0.13,6,0.147867,143.624
dilute halved,100,alpha,0.13,7,0.145315,133.213
dilute halved,100,alpha,0.17,5,0.19144,264.959
dilute halved,100,alpha,0.17,6,0.187867,234.414
dilute halved,100,alpha,0.17,7,0.185315,213.366
dilute halved,100,network,0.13,5,0.178837,246.328
dilute halved,100,network,0.13,6,0.170698,212.084
dilute halved,100,network,0.13,7,0.164884,189.224
dilute halved,100,network,0.17,5,0.218837,380.661
dilute halved,100,network,0.17,6,0.210698,330.203
dilute halved,100,network,0.17,7,0.204884,302.444
dilute halved,200,alpha,0.13,5,0.148895,212.256
dilute halved,200,alpha,0.13,6,0.145746,191.366
dilute halved,200,alpha,0.13,7,0.143497,182.626
dilute halved,200,alpha,0.17,5,0.188895,349.994
dilute halved,200,alpha,0.17,6,0.185746,321.962
dilute halved,200,alpha,0.17,7,0.183497,297.357
dilute halved,200,network,0.13,5,0.175067,336.236
dilute halved,200,network,0.13,6,0.167556,289.27
dilute halved,200,network,0.13,7,0.162191,262.09
dilute halved,200,network,0.17,5,0.215067,509.603
dilute halved,200,network,0.17,6,0.207556,449.541
dilute halved,200,network,0.17,7,0.202191,397.647
dry x10,10,alpha,0.13,5,0.160714,118.176
dry x10,10,alpha,0.13,6,0.155595,107.964
dry x10,10,alpha,0.13,7,0.151939,97.5657
dry x10,10,alpha,0.17,5,0.200714,182.579
dry x10,10,alpha,0.17,6,0.195595,168.214
dry x10,10,alpha,0.17,7,0.191939,151.65
dry x10,10,network,0.13,5,0.192866,188.973
dry x10,10,network,0.13,6,0.182388,162.964
dry x10,10,network,0.13,7,0.174904,145.726
dry x10,10,network,0.17,5,0.232866,273.877
dry x10,10,network,0.17,6,0.222388,233.759
dry x10,10,network,0.17,7,0.214904,211.063
dry x10,100,alpha,0.13,5,0.15144,326.02
dry x10,100,alpha,0.13,6,0.147867,299.569
dry x10,100,alpha,0.13,7,0.145315,283.586
dry x10,100,alpha,0.17,5,0.19144,514.476
dry x10,100,alpha,0.17,6,0.187867,458.713
dry x10,100,alpha,0.17,7,0.185315,434.645
dry x10,100,network,0.13,5,0.178837,508.31
dry x10,100,network,0.13,6,0.170698,428.318
dry x10,100,network,0.13,7,0.164884,387.771
dry x10,100,network,0.17,5,0.218837,743.936
dry x10,100,network,0.17,6,0.210698,635.249
dry x10,100,network,0.17,7,0.204884,581.464
dry x10,200,alpha,0.13,5,0.148895,438.112
dry x10,200,alpha,0.13,6,0.145746,398.153
dry x10,200,alpha,0.13,7,0.143497,371.436
dry x10,200,alpha,0.17,5,0.188895,685.946
dry x10,200,alpha,0.17,6,0.185746,643.41
dry x10,200,alpha,0.17,7,0.183497,586.118
dry x10,200,network,0.13,5,0.175067,666.141
dry x10,200,network,0.13,6,0.167556,563.627
dry x10,200,network,0.13,7,0.162191,526.47
dry x10,200,network,0.17,5,0.215067,965.193
dry x10,200,network,0.17,6,0.207556,892.835
dry x10,200,network,0.17,7,0.202191,824.242
dry /10,10,alpha,0.13,5,0.160714,41.4709
dry /10,10,alpha,0.13,6,0.155595,36.3004
dry /10,10,alpha,0.13,7,0.151939,34.1031
dry /10,10,alpha,0.17,5,0.200714,73.964
dry /10,10,alpha,0.17,6,0.195595,63.7245
dry /10,10,alpha,0.17,7,0.191939,60.7812
dry /10,10,network,0.13,5,0.192866,75.0335
dry /10,10,network,0.13,6,0.182388,62.7834
dry /10,10,network,0.13,7,0.174904,52.8625
dry /10,10,network,0.17,5,0.232866,123.24
dry /10,10,network,0.17,6,0.222388,104.183
dry /10,10,network,0.17,7,0.214904,90.7838
dry /10,100,alpha,0.13,5,0.15144,109.967
dry /10,100,alpha,0.13,6,0.147867,100.066
dry /10,100,alpha,0.13,7,0.145315,92.4811
dry /10,100,alpha,0.17,5,0.19144,196.041
dry /10,100,alpha,0.17,6,0.187867,180.244
dry /10,100,alpha,0.17,7,0.185315,162.191
dry /10,100,network,0.13,5,0.178837,186.018
dry /10,100,network,0.13,6,0.170698,157.145
dry /10,100,network,0.13,7,0.164884,136.779
dry /10,100,network,0.17,5,0.218837,315.282
dry /10,100,network,0.17,6,0.210698,278.512
dry /10,100,network,0.17,7,0.204884,240.285
dry /10,200,alpha,0.13,5,0.148895,146.96
dry /10,200,alpha,0.13,6,0.145746,133.177
dry /10,200,alpha,0.13,7,0.143497,118.333
dry /10,200,alpha,0.17,5,0.188895,277.303
dry /10,200,alpha,0.17,6,0.185746,246.447
dry /10,200,alpha,0.17,7,0.183497,223.545
dry /10,200,network,0.13,5,0.175067,249.892
dry /10,200,network,0.13,6,0.167556,205.885
dry /10,200,network,0.13,7,0.162191,185.653
dry /10,200,network,0.17,5,0.215067,419.961
dry /10,200,network,0.17,6,0.207556,364.837
dry /10,200,network,0.17,7,0.202191,323.875
xi = 3,10,alpha,0.13,5,0.160714,29.9504
xi = 3,10,alpha,0.13,6,0.155595,26.5035
xi = 3,10,alpha,0.13,7,0.151939,24.7096
xi = 3,10,alpha,0.17,5,0.200714,49.3921
xi = 3,10,alpha,0.17,6,0.195595,45.1449
xi = 3,10,alpha,0.17,7,0.191939,40.7821
xi = 3,10,network,0.13,5,0.192866,52.056
xi = 3,10,network,0.13,6,0.182388,42.5194
xi = 3,10,network,0.13,7,0.174904,37.6355
xi = 3,10,network,0.17,5,0.232866,81.3918
xi = 3,10,network,0.17,6,0.222388,68.0307
xi = 3,10,network,0.17,7,0.214904,60.3231
xi = 3,100,alpha,0.13,5,0.15144,79.2649
xi = 3,100,alpha,0.13,6,0.147867,70.6888
xi = 3,100,alpha,0.13,7,0.145315,65.8283
xi = 3,100,alpha,0.17,5,0.19144,134.118
xi = 3,100,alpha,0.17,6,0.187867,124.686
xi = 3,100,alpha,0.17,7,0.185315,111.355
xi = 3,100,network,0.13,5,0.178837,130.476
xi = 3,100,network,0.13,6,0.170698,112.77
xi = 3,100,network,0.13,7,0.164884,100.95
xi = 3,100,network,0.17,5,0.218837,208.925
xi = 3,100,network,0.17,6,0.210698,185.96
xi = 3,100,network,0.17,7,0.204884,163.319
xi = 3,200,alpha,0.13,5,0.148895,110.015
xi = 3,200,alpha,0.13,6,0.145746,99.4071
xi = 3,200,alpha,0.13,7,0.143497,94.5564
xi = 3,200,alpha,0.17,5,0.188895,180.601
xi = 3,200,alpha,0.17,6,0.185746,174.021
xi = 3,200,alpha,0.17,7,0.183497,159.814
xi = 3,200,network,0.13,5,0.175067,173.479
xi = 3,200,network,0.13,6,0.167556,153.761
xi = 3,200,network,0.13,7,0.162191,129.688
xi = 3,200,network,0.17,5,0.215067,286.233
xi = 3,200,network,0.17,6,0.207556,245.267
xi = 3,200,network,0.17,7,0.202191,216.179
xi = 7,10,alpha,0.13,5,0.160714,125.919
xi = 7,10,alpha,0.13,6,0.155595,113.804
xi = 7,10,alpha,0.13,7,0.151939,102.464
xi = 7,10,alpha,0.17,5,0.200714,198.516
xi = 7,10,alpha,0.17,6,0.195595,180.832
xi = 7,10,alpha,0.17,7,0.191939,166.269
xi = 7,10,network,0.13,5,0.192866,206.421
xi = 7,10,network,0.13,6,0.182388,180.677
xi = 7,10,network,0.13,7,0.174904,154.904
xi = 7,10,network,0.17,5,0.232866,310.904
xi = 7,10,network,0.17,6,0.222388,267.513
xi = 7,10,network,0.17,7,0.214904,237.502
xi = 7,100,alpha,0.13,5,0.15144,334.2
xi = 7,100,alpha,0.13,6,0.147867,302.657
xi = 7,100,alpha,0.13,7,0.145315,284.461
xi = 7,100,alpha,0.17,5,0.19144,546.334
xi = 7,100,alpha,0.17,6,0.187867,510.983
xi = 7,100,alpha,0.17,7,0.185315,490.745
xi = 7,100,network,0.13,5,0.178837,535.728
xi = 7,100,network,0.13,6,0.170698,482.41
xi = 7,100,network,0.13,7,0.164884,415.055
xi = 7,100,network,0.17,5,0.218837,816.792
xi = 7,100,network,0.17,6,0.210698,720.221
xi = 7,100,network,0.17,7,0.204884,638.005
xi = 7,200,alpha,0.13,5,0.148895,466.237
xi = 7,200,alpha,0.13,6,0.145746,413.408
xi = 7,200,alpha,0.13,7,0.143497,384.908
xi = 7,200,alpha,0.17,5,0.188895,777.043
xi = 7,200,alpha,0.17,6,0.185746,689.999
xi = 7,200,alpha,0.17,7,0.183497,645.77
xi = 7,200,network,0.13,5,0.175067,709.356
xi = 7,200,network,0.13,6,0.167556,614.255
xi = 7,200,network,0.13,7,0.162191,563.3
xi = 7,200,network,0.17,5,0.215067,1083.55
xi = 7,200,network,0.17,6,0.207556,950.914
xi = 7,200,network,0.17,7,0.202191,896.108
