core_to_surface_arrest_ratio,stretching,t0,w,rms_to_skin,rms_to_dense_core,max_position_r_over_R
5,complete before,0.3,0.05,0.0452967,0.657699,1
5,moderate,1,1,0.0396276,0.559425,0.740476
5,continuing after,5,5,0.564896,0.0663512,0.05
20,complete before,0.3,0.05,0.0252273,0.59115,1
20,moderate,1,1,0.0338188,0.710121,0.880952
20,continuing after,5,5,0.204241,0.455489,0.547619
100,complete before,0.3,0.05,0.0264506,0.553453,1
100,moderate,1,1,0.0278781,0.613418,0.947619
100,continuing after,5,5,0.097924,0.699403,0.802381
