r_stop,lam0_over_t_end,clock_strength_a,max_position_r_over_R
0.8,0.03,0,0.808081
0.8,0.03,1,0.808081
0.8,0.03,2,0.808081
0.8,0.03,4,0.808081
0.8,0.03,8,0.79798
0.8,0.1,0,0.808081
0.8,0.1,1,0.808081
0.8,0.1,2,0.808081
0.8,0.1,4,0.79798
0.8,0.1,8,0.79798
0.8,0.3,0,0.808081
0.8,0.3,1,0.808081
0.8,0.3,2,0.79798
0.8,0.3,4,0.79798
0.8,0.3,8,0.79798
0.8,1,0,0.79798
0.8,1,1,0.79798
0.8,1,2,0.79798
0.8,1,4,0.79798
0.8,1,8,0.79798
0.5,0.03,0,0.505051
0.5,0.03,1,0.505051
0.5,0.03,2,0.505051
0.5,0.03,4,0.505051
0.5,0.03,8,0.494949
0.5,0.1,0,0.505051
0.5,0.1,1,0.505051
0.5,0.1,2,0.505051
0.5,0.1,4,0.505051
0.5,0.1,8,0.494949
0.5,0.3,0,0.505051
0.5,0.3,1,0.505051
0.5,0.3,2,0.505051
0.5,0.3,4,0.494949
0.5,0.3,8,0.494949
0.5,1,0,0.505051
0.5,1,1,0.494949
0.5,1,2,0.494949
0.5,1,4,0.494949
0.5,1,8,0.494949
