family,r_stop,lam_wet_over_surface_arrest_time,clock_strength_a,t_f_of_element,M_element,lower_bound,M_surface,upper_bound,lower_bound_holds,upper_bound_holds,theorem_condition_met,interior_maximum
clock,0.8,304.762,0,60.009,1.86484,1.86484,0.00610898,0.00611901,True,True,True,True
clock,0.8,304.762,1,60.009,3.73087,1.86484,0.00611328,0.00611901,True,True,True,True
clock,0.8,304.762,2,60.009,7.35475,1.86484,0.00611567,0.00611901,True,True,True,True
clock,0.8,304.762,4,60.009,23.5977,1.86484,0.00611778,0.00611901,True,True,True,True
clock,0.8,304.762,8,60.009,54.4581,1.86484,0.00611877,0.00611901,True,True,True,True
clock,0.8,1015.87,0,60.009,6.21574,6.21574,0.006116,0.00611901,True,True,True,True
clock,0.8,1015.87,1,60.009,12.1373,6.21574,0.00611729,0.00611901,True,True,True,True
clock,0.8,1015.87,2,60.009,21.6371,6.21574,0.006118,0.00611901,True,True,True,True
clock,0.8,1015.87,4,60.009,42.7732,6.21574,0.00611864,0.00611901,True,True,True,True
clock,0.8,1015.87,8,60.009,58.2428,6.21574,0.00611893,0.00611901,True,True,True,True
clock,0.8,3047.62,0,60.009,17.9018,17.9018,0.006118,0.00611901,True,True,True,True
clock,0.8,3047.62,1,60.009,29.217,17.9018,0.00611843,0.00611901,True,True,True,True
clock,0.8,3047.62,2,60.009,40.0304,17.9018,0.00611867,0.00611901,True,True,True,True
clock,0.8,3047.62,4,60.009,53.2535,17.9018,0.00611888,0.00611901,True,True,True,True
clock,0.8,3047.62,8,60.009,59.41,17.9018,0.00611898,0.00611901,True,True,True,True
clock,0.8,10158.7,0,60.009,38.4878,38.4878,0.00611871,0.00611901,True,True,True,True
clock,0.8,10158.7,1,60.009,47.1494,38.4878,0.00611883,0.00611901,True,True,True,True
clock,0.8,10158.7,2,60.009,52.7403,38.4878,0.00611891,0.00611901,True,True,True,True
clock,0.8,10158.7,4,60.009,57.8555,38.4878,0.00611897,0.00611901,True,True,True,True
clock,0.8,10158.7,8,60.009,59.8282,38.4878,0.006119,0.00611901,True,True,True,True
clock,0.5,614.792,0,124.599,3.76192,3.76192,0.00611403,0.00611901,True,True,True,True
clock,0.5,614.792,1,124.599,7.52624,3.76192,0.00611617,0.00611901,True,True,True,True
clock,0.5,614.792,2,124.599,14.8391,3.76192,0.00611735,0.00611901,True,True,True,True
clock,0.5,614.792,4,124.599,47.8917,3.76192,0.0061184,0.00611901,True,True,True,True
clock,0.5,614.792,8,124.599,112.616,3.76192,0.00611889,0.00611901,True,True,True,True
clock,0.5,2049.31,0,124.599,12.5391,12.5391,0.00611751,0.00611901,True,True,True,True
clock,0.5,2049.31,1,124.599,24.5085,12.5391,0.00611815,0.00611901,True,True,True,True
clock,0.5,2049.31,2,124.599,43.8851,12.5391,0.00611851,0.00611901,True,True,True,True
clock,0.5,2049.31,4,124.599,87.871,12.5391,0.00611882,0.00611901,True,True,True,True
clock,0.5,2049.31,8,124.599,120.775,12.5391,0.00611897,0.00611901,True,True,True,True
clock,0.5,6147.92,0,124.599,36.2484,36.2484,0.00611851,0.00611901,True,True,True,True
clock,0.5,6147.92,1,124.599,59.5678,36.2484,0.00611872,0.00611901,True,True,True,True
clock,0.5,6147.92,2,124.599,82.1545,36.2484,0.00611884,0.00611901,True,True,True,True
clock,0.5,6147.92,4,124.599,110.126,36.2484,0.00611895,0.00611901,True,True,True,True
clock,0.5,6147.92,8,124.599,123.301,36.2484,0.00611899,0.00611901,True,True,True,True
clock,0.5,20493.1,0,124.599,78.9716,78.9716,0.00611886,0.00611901,True,True,True,True
clock,0.5,20493.1,1,124.599,97.2157,78.9716,0.00611892,0.00611901,True,True,True,True
clock,0.5,20493.1,2,124.599,109.07,78.9716,0.00611896,0.00611901,True,True,True,True
clock,0.5,20493.1,4,124.599,119.975,78.9716,0.00611899,0.00611901,True,True,True,True
clock,0.5,20493.1,8,124.599,124.207,78.9716,0.006119,0.00611901,True,True,True,True
scaling,0.5,100,0,124.599,0.611901,0.611901,0.00608851,0.00611901,True,True,True,True
scaling,0.5,100,8,124.599,74.0774,0.611901,0.00611827,0.00611901,True,True,True,True
scaling,0.5,10,0,124.599,0.0611901,0.0611901,0.005823,0.00611901,True,True,True,True
scaling,0.5,10,8,124.599,14.8962,0.0611901,0.0061117,0.00611901,True,True,True,True
scaling,0.5,1,0,124.599,0.00611901,0.00611901,0.00386795,0.00611901,True,True,False,True
scaling,0.5,1,8,124.599,1.63716,0.00611901,0.00604718,0.00611901,True,True,False,True
scaling,0.5,0.1,0,124.599,0.000611901,0.000611901,0.000611873,0.00611901,True,True,False,True
scaling,0.5,0.1,8,124.599,0.165304,0.000611901,0.00550696,0.00611901,True,True,False,True
