regime,beta,delta_ln_diameter,sigma_ln_diameter_at_fixed_signal,n_per_group
"stretching until arrest, Wi = 100 (Eq 11)",0.0518827,0.0359623,0.1,121.379
"stretching until arrest, Wi = 100 (Eq 11)",0.0518827,0.0359623,0.2,485.514
"stretching until arrest, Wi = 100 (Eq 11)",0.0518827,0.0359623,0.3,1092.41
"relaxation before arrest, dt/lambda = 0.1 (Eq 12)",0.189975,0.131681,0.1,9.05304
"relaxation before arrest, dt/lambda = 0.1 (Eq 12)",0.189975,0.131681,0.2,36.2121
"relaxation before arrest, dt/lambda = 0.1 (Eq 12)",0.189975,0.131681,0.3,81.4773
"relaxation before arrest, dt/lambda = 0.3 (Eq 12)",0.542581,0.376088,0.1,1.10983
"relaxation before arrest, dt/lambda = 0.3 (Eq 12)",0.542581,0.376088,0.2,4.43933
"relaxation before arrest, dt/lambda = 0.3 (Eq 12)",0.542581,0.376088,0.3,9.9885
"relaxation before arrest, dt/lambda = 1 (Eq 12)",1.53267,1.06237,0.1,0.139088
"relaxation before arrest, dt/lambda = 1 (Eq 12)",1.53267,1.06237,0.2,0.55635
"relaxation before arrest, dt/lambda = 1 (Eq 12)",1.53267,1.06237,0.3,1.25179
